code,system
J614.00,readv2
J61z.00,readv2
9kR..00,readv2
J614z00,readv2
5719CH,readv2
J61..00,readv2
A70z000,readv2
Q434100,readv2
Q409100,readv2
AD05.00,readv2
65V3.11,readv2
J632300,readv2
C376100,readv2
J632000,readv2
J601200,readv2
J600200,readv2
J616200,readv2
J616000,readv2
5719PB,readv2
J616z00,readv2
J616.00,readv2
5710MC,readv2
J615z11,readv2
5719MA,readv2
J615300,readv2
J614200,readv2
070 G,readv2
J615H00,readv2
J612.11,readv2
J615111,readv2
J615812,readv2
J615z13,readv2
J615711,readv2
5719HP,readv2
5719CL,readv2
C350012,readv2
J615z12,readv2
J615z00,readv2
J612.00,readv2
J61y800,readv2
J617000,readv2
J617.00,readv2
5710CA,readv2
A703.00,readv2
A707.00,readv2
A707300,readv2
A707200,readv2
AyuJ900,readv2
J614100,readv2
J635500,readv2
5730CA,readv2
J63y100,readv2
J615F00,readv2
J615.11,readv2
J615800,readv2
J615600,readv2
J615D00,readv2
J615C00,readv2
J615G00,readv2
J615400,readv2
J615A00,readv2
J615500,readv2
J601100,readv2
J600100,readv2
A705400,readv2
J615.00,readv2
J61yz00,readv2
Jyu7100,readv2
AyuB100,readv2
J61y.00,readv2
J63X.00,readv2
Jyu7700,readv2
J661700,readv2
J661900,readv2
J661800,readv2
J614y00,readv2
J633.00,readv2
J615y00,readv2
A707X00,readv2
AyuB200,readv2
J614300,readv2
J661200,readv2
J633000,readv2
J615B00,readv2
A705000,readv2
C310400,readv2
J614111,readv2
J63B.00,readv2
A707000,readv2
A707100,readv2
J615100,readv2
J615000,readv2
J635400,readv2
J614400,readv2
J632200,readv2
J616100,readv2
5719CB,readv2
J661600,readv2
J661100,readv2
A70G.00,readv2
J611.00,readv2
A70A.00,readv2
A70C.00,readv2
A70D.00,readv2
A70B.00,readv2
J635600,readv2
J61y300,readv2
J614000,readv2
J635300,readv2
J615z14,readv2
J612.12,readv2